<?xml version="1.0" encoding="ASCII"?>
<annox:package xmlns:annox="http://annox.dev.java.net" xmlns:jaxb="http://annox.dev.java.net/javax.xml.bind.annotation">
  <annox:class name="RequestVo">
    <jaxb:XmlAccessorType value="NONE"/>
    <jaxb:XmlType name="RequestVoType" propOrder="connectionId "/>
    <jaxb:XmlRootElement name="RequestVo" namespace="www.tibco.com/plugin/java/xmlSchema/pvs.RequestVo"/>
    <annox:field name="connectionId">
      <jaxb:XmlElement name="ConnectionId" namespace="www.tibco.com/plugin/java/xmlSchema/pvs.RequestVo"/>
    </annox:field>
  </annox:class>
  <jaxb:XmlSchema elementFormDefault="QUALIFIED" namespace="www.tibco.com/plugin/java/xmlSchema/pvs.RequestVo"/>
</annox:package>