<?xml version="1.0" encoding="UTF-8"?>
<tns:ConnectionConfig xmlns:tns="http://www.example.org/NEConnectionSchema">
    <tns:TargetName>NE-001</tns:TargetName>
    <tns:ConnectionRetryIntervalSec>5</tns:ConnectionRetryIntervalSec>
    <tns:FailoverPolicy>Port</tns:FailoverPolicy>
    <tns:HeartbeatPolicy>
        <tns:Use>true</tns:Use>
        <tns:Interval>30</tns:Interval>
        <tns:Timeout>180</tns:Timeout>
    </tns:HeartbeatPolicy>
    <tns:ConnectionGroup groupId="HSS-G1">
		<tns:Connection>
			<tns:ConnectionId>A</tns:ConnectionId>
			<tns:ActiveServer>
				<tns:IP>192.168.165.92</tns:IP>
				<tns:Port>9101</tns:Port>
			</tns:ActiveServer>
			<tns:BackupServer>
				<tns:IP>192.168.165.92</tns:IP>
				<tns:Port>19101</tns:Port>
			</tns:BackupServer>
			<tns:DRServer>
				<tns:IP>192.168.165.92</tns:IP>
				<tns:Port>29101</tns:Port>
			</tns:DRServer>
			<tns:Desc>A-C1-info</tns:Desc>
		</tns:Connection>
		<tns:Connection>
			<tns:ConnectionId>B</tns:ConnectionId>
			<tns:ActiveServer>
				<tns:IP>192.168.165.92</tns:IP>
				<tns:Port>9102</tns:Port>
			</tns:ActiveServer>
			<tns:BackupServer>
				<tns:IP>192.168.165.92</tns:IP>
				<tns:Port>19102</tns:Port>
			</tns:BackupServer>
			<tns:DRServer>
				<tns:IP>192.168.165.92</tns:IP>
				<tns:Port>29102</tns:Port>
			</tns:DRServer>
			<tns:Desc>B-C2-info</tns:Desc>
		</tns:Connection>
		<tns:Connection>
			<tns:ConnectionId>C</tns:ConnectionId>
			<tns:ActiveServer>
				<tns:IP>192.168.165.92</tns:IP>
				<tns:Port>9103</tns:Port>
			</tns:ActiveServer>
			<tns:BackupServer>
				<tns:IP>192.168.165.92</tns:IP>
				<tns:Port>19103</tns:Port>
			</tns:BackupServer>
			<tns:DRServer>
				<tns:IP>192.168.165.92</tns:IP>
				<tns:Port>29103</tns:Port>
			</tns:DRServer>
			<tns:Desc>C-C3-info</tns:Desc>
		</tns:Connection>
	</tns:ConnectionGroup>
    <tns:ConnectionGroup groupId="VMS-G1">
		<tns:Connection>
			<tns:ConnectionId>F</tns:ConnectionId>
			<tns:ActiveServer>
				<tns:IP>192.168.165.92</tns:IP>
				<tns:Port>9104</tns:Port>
			</tns:ActiveServer>
			<tns:BackupServer>
				<tns:IP>192.168.165.92</tns:IP>
				<tns:Port>19104</tns:Port>
			</tns:BackupServer>
			<tns:DRServer>
				<tns:IP>192.168.165.92</tns:IP>
				<tns:Port>29104</tns:Port>
			</tns:DRServer>
			<tns:Desc>D-C4-info</tns:Desc>
		</tns:Connection>
	</tns:ConnectionGroup>
</tns:ConnectionConfig>